1598774868.5067487,23,0,-3
1598774868.5692973,23,0,-3
1598774868.633189,23,0,-3
1598774868.697123,23,0,-3
1598774868.7611036,23,0,-3
1598774868.8250873,22,0,-3
1598774868.8890705,23,0,-3
1598774868.9532106,23,0,-3
1598774869.0170724,23,0,-3
1598774869.0815191,23,0,-3
1598774869.1454992,23,0,-3
1598774869.2094054,23,0,-3
1598774869.2734022,23,0,-3
1598774869.3374388,23,0,-3
1598774869.4013941,23,0,-3
1598774869.4653862,23,0,-3
1598774869.5293822,23,0,-3
1598774869.5933638,23,0,-3
1598774869.6634307,23,0,-3
1598774869.7379546,23,0,-3
1598774869.8013606,23,0,-3
1598774869.8653247,23,0,-3
1598774869.9292839,23,0,-3
1598774869.9938157,23,0,-3
1598774870.0572739,23,0,-3
1598774870.121263,22,0,-3
1598774870.1852424,21,0,-3
1598774870.2492201,24,0,-3
1598774870.3134,24,0,-3
1598774870.3772109,24,0,-3
1598774870.441188,23,0,-3
1598774870.5051916,23,0,-3
1598774870.5691793,25,0,-3
1598774870.6331718,32,0,-3
1598774870.6971636,26,0,-3
1598774870.7611349,27,0,-3
1598774870.825187,27,0,-3
1598774870.8891377,26,0,-3
1598774870.953111,28,0,-3
1598774871.0171058,25,0,-3
1598774871.0810845,24,0,-3
1598774871.145086,23,0,-3
1598774871.2090776,23,0,-3
1598774871.27306,22,0,-3
1598774871.3370318,24,0,-3
1598774871.4011493,24,0,-3
1598774871.4650967,24,0,-3
1598774871.5290987,23,0,-3
1598774871.5935726,22,0,-3
1598774871.65702,24,0,-3
1598774871.7210507,24,0,-3
1598774871.7850137,27,0,-3
1598774871.8490028,30,0,-3
1598774871.9151146,28,0,-3
1598774871.9769804,27,0,-3
1598774872.04097,27,0,-3
1598774872.1049523,33,0,-3
1598774872.1701515,37,0,-3
1598774872.2329738,29,0,-3
1598774872.296914,22,0,-3
1598774872.3609169,24,0,-3
1598774872.4249392,23,0,-3
1598774872.488867,23,0,-3
1598774872.5528505,23,0,-3
1598774872.616837,23,0,-3
1598774872.6808257,22,0,-3
1598774872.7448082,24,0,-3
1598774872.8152945,23,0,-3
1598774872.8732402,24,0,-3
1598774872.9368083,24,0,-3
1598774873.000786,22,0,-3
1598774873.0647974,26,0,-3
1598774873.1287541,32,0,-3
1598774873.1927454,30,0,-3
1598774873.2567282,26,0,-3
1598774873.3207214,25,0,-3
1598774873.3846943,25,0,-3
1598774873.4487062,25,0,-3
1598774873.5126863,34,0,-3
1598774873.576694,32,0,-3
1598774873.640705,23,0,-3
1598774873.7048702,23,0,-3
1598774873.7686322,23,0,-3
1598774873.8326266,24,0,-3
1598774873.8966432,24,0,-3
1598774873.960617,24,0,-3
1598774874.024727,23,0,-3
1598774874.0885825,22,0,-3
1598774874.1525853,24,0,-3
1598774874.2165651,24,0,-3
1598774874.2805507,25,0,-3
1598774874.3445435,31,0,-3
1598774874.408542,28,0,-3
1598774874.4730766,27,0,-3
1598774874.536513,25,0,-3
1598774874.6005032,24,0,-3
1598774874.6644936,24,0,-3
1598774874.7284923,27,0,-3
1598774874.7924953,24,0,-3
1598774874.8564613,24,0,-3
1598774874.9204447,24,0,-3
1598774874.9844346,23,0,-3
1598774875.0484178,23,0,-3
1598774875.1124222,23,0,-3
1598774875.1764219,22,0,-3
1598774875.240381,24,0,-3
1598774875.304708,24,0,-3
1598774875.3683758,24,0,-3
1598774875.4323776,23,0,-3
1598774875.4963574,22,0,-3
1598774875.5603523,24,0,-3
1598774875.6243734,33,0,-3
1598774875.6883755,31,0,-3
1598774875.7523074,24,0,-3
1598774875.8163135,24,0,-3
1598774875.880289,25,0,-3
1598774875.944285,25,0,-3
1598774876.0082707,37,0,-3
1598774876.072267,34,0,-3
1598774876.1362426,23,0,-3
1598774876.2002363,23,0,-3
1598774876.2642174,23,0,-3
1598774876.3282146,24,0,-3
1598774876.3922231,24,0,-3
1598774876.4562213,24,0,-3
1598774876.5201738,23,0,-3
1598774876.5849028,22,0,-3
1598774876.6481571,24,0,-3
1598774876.7121973,24,0,-3
1598774876.7761536,24,0,-3
1598774876.8401492,24,0,-3
1598774876.904545,26,0,-3
1598774876.968101,25,0,-3
1598774877.0321736,24,0,-3
1598774877.0960903,26,0,-3
1598774877.1600876,32,0,-3
1598774877.2242634,27,0,-3
1598774877.2881167,24,0,-3
1598774877.3522975,26,0,-3
1598774877.4160705,29,0,-3
1598774877.4800618,25,0,-3
1598774877.5440388,23,0,-3
1598774877.6083689,23,0,-3
1598774877.6721253,23,0,-3
1598774877.7364864,24,0,-3
1598774877.800023,24,0,-3
1598774877.8647113,24,0,-3
1598774877.927998,23,0,-3
1598774877.9939563,22,0,-3
1598774878.0559752,24,0,-3
1598774878.1199403,24,0,-3
1598774878.1843073,29,0,-3
1598774878.247917,30,0,-3
1598774878.311945,27,0,-3
1598774878.3758998,26,0,-3
1598774878.439869,32,0,-3
1598774878.5039499,36,0,-3
1598774878.5678492,40,0,-3
1598774878.6319082,26,0,-3
1598774878.6958625,23,0,-3
1598774878.7598324,24,0,-3
1598774878.8239217,23,0,-3
1598774878.8878295,23,0,-3
1598774878.95189,23,0,-3
1598774879.0157657,23,0,-3
1598774879.0797563,23,0,-3
1598774879.1437583,23,0,-3
1598774879.2077434,24,0,-3
1598774879.2718642,23,0,-3
1598774879.335764,23,0,-3
1598774879.3997703,23,0,-3
1598774879.4644437,23,0,-3
1598774879.5277328,32,0,-3
1598774879.5917766,31,0,-3
1598774879.6557055,29,0,-3
1598774879.7196634,26,0,-3
1598774879.7839675,26,0,-3
1598774879.8476462,27,0,-3
1598774879.9116728,35,0,-3
1598774879.9756286,29,0,-3
1598774880.0396175,24,0,-3
1598774880.103617,23,0,-3
1598774880.1676702,23,0,-3
1598774880.2316463,23,0,-3
1598774880.3116546,23,0,-3
1598774880.3755693,23,0,-3
1598774880.439552,23,0,-3
1598774880.5035315,22,0,-3
1598774880.5675335,23,0,-3
1598774880.6315253,24,0,-3
1598774880.6955094,24,0,-3
1598774880.759496,29,0,-3
1598774880.8241415,27,0,-3
1598774880.8874965,28,0,-3
1598774880.9515064,32,0,-3
1598774881.0154698,29,0,-3
1598774881.079432,34,0,-3
1598774881.143654,27,0,-3
1598774881.2074265,23,0,-3
1598774881.2714243,24,0,-3
1598774881.3354068,23,0,-3
1598774881.399391,23,0,-3
1598774881.463411,23,0,-3
1598774881.5274022,23,0,-3
1598774881.5914054,22,0,-3
1598774881.655406,24,0,-3
1598774881.7193744,24,0,-3
1598774881.7833633,24,0,-3
1598774881.847361,23,0,-3
1598774881.9113593,22,0,-3
1598774881.9753532,23,0,-3
1598774882.0393178,33,0,-3
1598774882.103312,34,0,-3
1598774882.1673286,32,0,-3
1598774882.2313426,31,0,-3
1598774882.2952673,29,0,-3
1598774882.3592443,28,0,-3
1598774882.4238071,35,0,-3
1598774882.4872139,45,0,-3
1598774882.5512,26,0,-3
1598774882.6151953,23,0,-3
1598774882.6791706,23,0,-3
1598774882.74335,24,0,-3
1598774882.807155,24,0,-3
1598774882.8711562,24,0,-3
1598774882.9351366,23,0,-3
1598774882.9992304,22,0,-3
1598774883.0631595,23,0,-3
1598774883.12713,25,0,-3
1598774883.191093,23,0,-3
1598774883.2551265,24,0,-3
1598774883.3190827,28,0,-3
1598774883.3830745,28,0,-3
1598774883.4471006,29,0,-3
1598774883.5110538,25,0,-3
1598774883.575089,25,0,-3
1598774883.639048,27,0,-3
1598774883.7035806,29,0,-3
1598774883.7672334,27,0,-3
1598774883.831085,23,0,-3
1598774883.8950448,23,0,-3
1598774883.9589865,23,0,-3
1598774884.0229654,23,0,-3
1598774884.0869565,23,0,-3
1598774884.15095,24,0,-3
1598774884.214931,25,0,-3
1598774884.2789257,24,0,-3
1598774884.3430285,23,0,-3
1598774884.4069214,23,0,-3
1598774884.4708903,23,0,-3
1598774884.5348892,24,0,-3
1598774884.598871,32,0,-3
1598774884.6628504,33,0,-3
1598774884.7268436,30,0,-3
1598774884.7908351,32,0,-3
1598774884.854826,28,0,-3
1598774884.9188144,36,0,-3
1598774884.9828007,45,0,-3
1598774885.0468059,31,0,-3
1598774885.110776,23,0,-3
1598774885.1748617,23,0,-3
1598774885.2387478,24,0,-3
1598774885.3032062,24,0,-3
1598774885.3667529,24,0,-3
1598774885.4307559,23,0,-3
1598774885.4947696,22,0,-3
1598774885.5587068,23,0,-3
1598774885.6226993,24,0,-3
1598774885.6866863,23,0,-3
1598774885.7506762,24,0,-3
1598774885.8146718,24,0,-3
1598774885.8786516,26,0,-3
1598774885.9426494,24,0,-3
1598774886.0066354,24,0,-3
1598774886.0706127,26,0,-3
1598774886.1348395,30,0,-3
1598774886.1985922,27,0,-3
1598774886.2626047,25,0,-3
1598774886.326577,29,0,-3
1598774886.3905637,23,0,-3
1598774886.4545605,23,0,-3
1598774886.5185583,23,0,-3
1598774886.5825548,23,0,-3
1598774886.6465275,23,0,-3
1598774886.7105026,24,0,-3
1598774886.7745035,24,0,-3
1598774886.8385,23,0,-3
1598774886.9024837,23,0,-3
1598774886.9664674,23,0,-3
1598774887.030461,23,0,-3
1598774887.0944664,23,0,-3
1598774887.1584356,24,0,-3
1598774887.22244,27,0,-3
1598774887.2864115,27,0,-3
1598774887.350403,28,0,-3
1598774887.414418,38,0,-3
1598774887.4784644,42,0,-3
1598774887.5424109,36,0,-3
1598774887.6063843,23,0,-3
1598774887.670369,23,0,-3
1598774887.734585,24,0,-3
1598774887.7983391,24,0,-3
1598774887.862324,23,0,-3
1598774887.926318,23,0,-3
1598774887.9903061,22,0,-3
1598774888.0542965,23,0,-3
1598774888.1182735,23,0,-3
1598774888.1822805,24,0,-3
1598774888.2462695,23,0,-3
1598774888.3102539,23,0,-3
1598774888.3742309,23,0,-3
1598774888.4382248,24,0,-3
1598774888.5022733,28,0,-3
1598774888.5662272,34,0,-3
1598774888.6301956,33,0,-3
1598774888.6948376,28,0,-3
1598774888.7581987,28,0,-3
1598774888.8260355,35,0,-3
1598774888.8862212,43,0,-3
1598774888.9501808,25,0,-3
1598774889.0144074,23,0,-3
1598774889.0781834,23,0,-3
1598774889.1421957,24,0,-3
1598774889.206141,24,0,-3
1598774889.2701354,24,0,-3
1598774889.3341794,23,0,-3
1598774889.3981154,23,0,-3
1598774889.462184,23,0,-3
1598774889.5260813,23,0,-3
1598774889.59019,23,0,-3
1598774889.6540656,23,0,-3
1598774889.7180436,24,0,-3
1598774889.7821162,25,0,-3
1598774889.8460174,30,0,-3
1598774889.9099817,35,0,-3
1598774889.9740107,33,0,-3
1598774890.037983,35,0,-3
1598774890.1020596,31,0,-3
1598774890.1659384,26,0,-3
1598774890.2299352,30,0,-3
1598774890.2939527,23,0,-3
1598774890.3579252,23,0,-3
1598774890.421943,23,0,-3
1598774890.48591,23,0,-3
1598774890.5498993,23,0,-3
1598774890.6142302,23,0,-3
1598774890.6778798,23,0,-3
1598774890.7419605,23,0,-3
1598774890.8058496,23,0,-3
1598774890.8698325,23,0,-3
1598774890.933847,24,0,-3
1598774890.997824,35,0,-3
1598774891.0618887,40,0,-3
1598774891.125807,34,0,-3
1598774891.1897924,32,0,-3
1598774891.2538488,26,0,-3
1598774891.3177702,27,0,-3
1598774891.3818278,31,0,-3
1598774891.4457438,36,0,-3
1598774891.5097318,24,0,-3
1598774891.5737321,23,0,-3
1598774891.6377203,23,0,-3
1598774891.7017572,23,0,-3
1598774891.7656913,23,0,-3
1598774891.8296764,23,0,-3
1598774891.8943942,23,0,-3
1598774891.9576654,23,0,-3
1598774892.0217936,23,0,-3
1598774892.0856948,23,0,-3
1598774892.1496212,23,0,-3
1598774892.2139533,23,0,-3
1598774892.277603,26,0,-3
1598774892.3416824,29,0,-3
1598774892.4055867,32,0,-3
1598774892.46958,27,0,-3
1598774892.5335488,26,0,-3
1598774892.5975497,31,0,-3
1598774892.661532,29,0,-3
1598774892.7255375,33,0,-3
1598774892.7895036,28,0,-3
1598774892.8535151,23,0,-3
1598774892.9174926,22,0,-3
1598774892.9814665,23,0,-3
1598774893.0454783,23,0,-3
1598774893.109467,23,0,-3
1598774893.173454,23,0,-3
1598774893.2374587,23,0,-3
1598774893.301415,23,0,-3
1598774893.3654165,23,0,-3
1598774893.429403,23,0,-3
1598774893.4941392,24,0,-3
1598774893.5574028,39,0,-3
1598774893.621394,33,0,-3
1598774893.686362,30,2,-3
1598774893.749384,25,2,-3
1598774893.8136454,25,2,-3
1598774893.88057,30,2,-3
1598774893.9413538,31,2,-3
1598774894.005333,27,2,-3
1598774894.069311,28,2,-3
1598774894.133301,39,2,-3
1598774894.2238507,24,2,-3
1598774894.3445625,24,2,-3
1598774894.4559686,24,2,-3
1598774894.558306,24,2,-3
1598774894.6818998,24,2,-3
1598774894.8026223,23,2,-3
1598774894.9255064,37,2,-3
1598774895.0425923,32,2,-3
1598774895.1705813,96,2,-3
1598774895.2782214,134,2,-3
1598774895.399808,113,2,-3
1598774895.513311,122,2,-3
1598774895.6235356,184,2,-3
1598774895.710137,266,2,-3
1598774895.8474844,350,2,-3
1598774895.9596279,419,2,-3
1598774896.0681014,478,2,-3
1598774896.1893137,521,2,-3
1598774896.301274,559,2,-3
1598774896.407537,581,2,-3
1598774896.5303001,600,2,-3
1598774896.6481395,639,2,-3
1598774896.7550387,622,2,-3
1598774896.8679714,618,2,-3
1598774896.9738884,611,2,-3
1598774897.0794249,607,2,-3
1598774897.1879125,600,2,-3
1598774897.2939572,595,2,-3
1598774897.409562,591,2,-3
1598774897.5279765,588,2,-3
1598774897.630133,584,2,-3
1598774897.7620654,580,2,-3
1598774897.8748357,577,2,-3
1598774897.9928367,574,2,-3
1598774898.0936868,571,2,-3
1598774898.1992462,531,2,-3
1598774898.3165047,517,2,-3
1598774898.4137273,516,2,-3
1598774898.5354278,512,2,-3
1598774898.651175,509,2,-3
1598774898.7649114,508,2,-3
1598774898.8768508,506,2,-3
1598774898.9919822,503,2,-3
1598774899.1117525,499,2,-3
1598774899.2035022,497,2,-3
1598774899.3146794,493,2,-3
1598774899.4418902,486,2,-3
1598774899.5847256,483,2,-3
1598774899.706339,482,2,-3
1598774899.8257735,477,2,-3
1598774899.9741452,477,2,-3
1598774900.0716226,474,2,-3
1598774900.1793602,474,2,-3
1598774900.3005967,474,2,-3
1598774900.4068975,472,2,-3
1598774900.5153418,470,2,-3
1598774900.6366618,468,2,-3
1598774900.75875,468,2,-3
1598774900.876556,463,2,-3
1598774900.9784095,464,2,-3
1598774901.0903542,462,2,-3
1598774901.202449,461,2,-3
1598774901.319343,460,2,-3
1598774901.4436479,456,2,-3
1598774901.55882,454,2,-3
1598774901.6669679,453,2,-3
1598774901.7832167,453,2,-3
1598774901.8998926,452,2,-3
1598774902.006771,452,2,-3
1598774902.1151323,451,2,-3
1598774902.236321,451,2,-3
1598774902.3380682,452,2,-3
1598774902.4551935,451,2,-3
1598774902.572245,443,2,-3
1598774902.6786351,444,2,-3
1598774902.7819366,442,2,-3
1598774902.8871365,442,2,-3
1598774903.00411,440,2,-3
1598774903.1064754,438,2,-3
1598774903.217217,436,2,-3
1598774903.3299913,434,2,-3
1598774903.4515898,433,2,-3
1598774903.5585275,436,2,-3
1598774903.6663983,438,2,-3
1598774903.7778344,438,2,-3
1598774903.904627,441,2,-3
1598774904.0280232,441,2,-3
1598774904.1349344,439,2,-3
1598774904.2463665,437,2,-3
1598774904.3582146,434,2,-3
1598774904.4691927,432,2,-3
1598774904.5729647,429,2,-3
1598774904.704974,424,2,-3
1598774904.8181672,423,2,-3
1598774904.9447894,423,2,-3
1598774905.0526023,422,2,-3
1598774905.1536803,419,2,-3
1598774905.265621,416,2,-3
1598774905.3878152,415,2,-3
1598774905.5043406,415,2,-3
1598774905.601608,415,2,-3
1598774905.7130325,418,2,-3
1598774905.8301404,413,2,-3
1598774905.9491637,414,2,-3
1598774906.0705442,412,2,-3
1598774906.1727047,413,2,-3
1598774906.2945952,412,2,-3
1598774906.4116092,411,2,-3
1598774906.5184937,410,2,-3
1598774906.6356287,410,2,-3
1598774906.7476192,410,2,-3
1598774906.849873,409,2,-3
1598774906.9769306,415,2,-3
1598774907.0939593,412,2,-3
1598774907.1965594,413,2,-3
1598774907.3183818,412,2,-3
1598774907.4303505,413,2,-3
1598774907.5372255,415,2,-3
1598774907.6590104,412,2,-3
1598774907.761266,413,2,-3
1598774907.8833513,414,2,-3
1598774907.9954119,413,2,-3
1598774908.106826,415,2,-3
1598774908.2091823,416,2,-3
1598774908.3210683,416,2,-3
1598774908.4331613,419,2,-3
1598774908.5502453,420,2,-3
1598774908.652345,420,2,-3
1598774908.77873,421,2,-3
1598774908.8810284,419,2,-3
1598774908.9981012,419,2,-3
1598774909.1049957,418,2,-3
1598774909.2322903,420,2,-3
1598774909.35462,417,2,-3
1598774909.4671419,416,2,-3
1598774909.5733814,417,2,-3
1598774909.6971133,418,2,-3
1598774909.8241894,417,2,-3
1598774909.9419227,416,2,-3
1598774910.049639,415,2,-3
1598774910.1710076,414,2,-3
1598774910.277873,414,2,-3
1598774910.3907714,413,2,-3
1598774910.5018904,413,2,-3
1598774910.6096854,413,2,-3
1598774910.7258084,412,2,-3
1598774910.8429122,408,2,-3
1598774910.9440594,417,2,-3
1598774911.0516388,414,2,-3
1598774911.1736968,411,2,-3
1598774911.2875185,415,2,-3
1598774911.381196,413,2,-3
1598774911.489547,413,2,-3
1598774911.610719,412,2,-3
1598774911.717184,410,2,-3
1598774911.8291287,411,2,-3
1598774911.9324877,412,2,-3
1598774912.0537024,411,2,-3
1598774912.1752825,411,2,-3
1598774912.3038776,411,2,-3
1598774912.4318085,410,2,-3
1598774912.5596828,408,2,-3
1598774912.6775317,409,2,-3
1598774912.784588,476,2,-3
1598774912.9009483,488,2,-3
1598774913.0195615,488,2,-3
1598774913.140958,489,2,-3
1598774913.2442374,488,2,-3
1598774913.3653932,490,2,-3
1598774913.4773726,487,2,-3
1598774913.5887196,487,2,-3
1598774913.6921911,489,2,-3
1598774913.8184218,487,2,-3
1598774913.920234,490,2,-3
1598774914.0373077,487,2,-3
1598774914.1393769,490,2,-3
1598774914.2562103,483,2,-3
1598774914.3834107,489,2,-3
1598774914.5012598,486,2,-3
1598774914.617773,488,2,-3
1598774914.7201378,482,2,-3
1598774914.8372436,492,2,-3
1598774914.938998,573,2,-3
1598774915.0401146,606,2,-3
1598774915.1571624,514,2,-3
1598774915.25983,370,2,-3
1598774915.375993,275,2,-3
1598774915.4828923,172,2,-3
1598774915.5999556,103,2,-3
1598774915.7112753,115,2,-3
1598774915.819065,57,2,-3
1598774915.9409673,31,2,-3
1598774916.0530233,23,2,-3
1598774916.1598978,24,2,-3
1598774916.271806,24,2,-3
1598774916.3889024,24,2,-3
1598774916.500928,24,2,-3
1598774916.6078126,24,2,-3
1598774916.71976,23,2,-3
1598774916.8318489,23,2,-3
1598774916.9414039,23,2,-3
1598774917.0607665,23,2,-3
1598774917.1721263,23,2,-3
1598774917.2847133,23,2,-3
1598774917.391697,23,2,-3
1598774917.4731517,23,0,-3
1598774917.5370848,23,0,-3
1598774917.6010787,25,0,-3
1598774917.6650672,29,0,-3
1598774917.7290623,27,0,-3
1598774917.7931044,26,0,-3
1598774917.8570604,36,0,-3
1598774917.9210248,36,0,-3
1598774917.9850345,27,0,-3
1598774918.0490139,25,0,-3
1598774918.1130033,30,0,-3
1598774918.177046,37,0,-3
1598774918.241018,35,0,-3
1598774918.3050659,35,0,-3
1598774918.3693821,24,0,-3
1598774918.4334838,23,0,-3
1598774918.4973342,24,0,-3
1598774918.56144,27,0,-3
1598774918.6253161,33,0,-3
1598774918.6893177,34,0,-3
1598774918.7533062,30,0,-3
1598774918.817277,34,0,-3
1598774918.881278,40,0,-3
1598774918.945261,41,0,-3
1598774919.0092285,34,0,-3
1598774919.0732388,27,0,-3
1598774919.137228,26,0,-3
1598774919.2011955,32,0,-3
1598774919.2652256,41,0,-3
1598774919.3292003,42,0,-3
1598774919.3931923,41,0,-3
1598774919.457178,32,0,-3
1598774919.5211744,37,0,-3
1598774919.5851486,48,0,-3
1598774919.6491382,54,0,-3
1598774919.7135434,53,0,-3
1598774919.7771242,46,0,-3
1598774919.8410995,40,0,-3
1598774919.905085,35,0,-3
1598774919.9690778,40,0,-3
1598774920.033107,39,0,-3
1598774920.0970714,40,0,-3
1598774920.161038,33,0,-3
1598774920.2250564,31,0,-3
1598774920.2890549,36,0,-3
1598774920.3530304,47,0,-3
1598774920.416998,46,0,-3
1598774920.4809804,48,0,-3
1598774920.5450068,45,0,-3
1598774920.6089802,49,0,-3
1598774920.6729708,53,0,-3
1598774920.7369478,57,0,-3
1598774920.8009439,53,0,-3
1598774920.8649535,45,0,-3
1598774920.928926,51,0,-3
1598774920.992906,56,0,-3
1598774921.056918,63,0,-3
1598774921.1208816,63,0,-3
1598774921.1848764,62,0,-3
1598774921.2488806,61,0,-3
1598774921.313249,54,0,-3
1598774921.3768494,56,0,-3
1598774921.440836,53,0,-3
1598774921.504854,51,0,-3
1598774921.5688758,49,0,-3
1598774921.6328104,47,0,-3
1598774921.6967921,57,0,-3
1598774921.7607708,68,0,-3
1598774921.824853,68,0,-3
1598774921.8888433,70,0,-3
1598774921.952735,68,0,-3
1598774922.0167096,68,0,-3
1598774922.0807035,68,0,-3
1598774922.1448371,73,0,-3
1598774922.2086658,69,0,-3
1598774922.2726858,69,0,-3
1598774922.3366706,68,0,-3
1598774922.400639,66,0,-3
1598774922.4646287,70,0,-3
1598774922.52861,69,0,-3
1598774922.5926414,70,0,-3
1598774922.6566234,79,0,-3
1598774922.7206104,66,0,-3
1598774922.784562,58,0,-3
1598774922.8485699,64,0,-3
1598774922.9125648,66,0,-3
1598774922.9765475,63,0,-3
1598774923.0405207,65,0,-3
1598774923.104522,77,0,-3
1598774923.168534,87,0,-3
1598774923.232504,95,0,-3
1598774923.296484,93,0,-3
1598774923.360474,90,0,-3
1598774923.4247074,93,0,-3
1598774923.4884582,85,0,-3
1598774923.552802,99,0,-3
1598774923.6164792,99,0,-3
1598774923.680468,98,0,-3
1598774923.7445395,102,0,-3
1598774923.8084497,98,0,-3
1598774923.872428,96,0,-3
1598774923.9364495,94,0,-3
1598774924.0003986,88,0,-3
1598774924.064497,82,0,-3
1598774924.1284044,90,0,-3
1598774924.1924393,95,0,-3
1598774924.2563517,108,0,-3
1598774924.3203373,103,0,-3
1598774924.3844378,106,0,-3
1598774924.4483457,115,0,-3
1598774924.512318,116,0,-3
1598774924.5763087,123,0,-3
1598774924.6403186,131,0,-3
1598774924.7049491,133,0,-3
1598774924.7683053,133,0,-3
1598774924.8323138,132,0,-3
1598774924.8963215,135,0,-3
1598774924.960245,139,0,-3
1598774925.0243466,140,0,-3
1598774925.088226,137,0,-3
1598774925.1522174,139,0,-3
1598774925.2162192,126,0,-3
1598774925.2801812,124,0,-3
1598774925.3441982,131,0,-3
1598774925.4081657,139,0,-3
1598774925.47221,140,0,-3
1598774925.5362144,145,0,-3
1598774925.6001594,149,0,-3
1598774925.6641417,155,0,-3
1598774925.7281218,165,0,-3
1598774925.792155,175,0,-3
1598774925.8560858,183,0,-3
1598774925.9200764,203,0,-3
1598774925.9840806,199,0,-3
1598774926.0480676,212,0,-3
1598774926.1121325,228,0,-3
1598774926.1760492,243,0,-3
1598774926.2400513,247,0,-3
1598774926.3040235,244,0,-3
1598774926.3680255,161,0,-3
1598774926.4320729,146,0,-3
1598774926.496001,142,0,-3
1598774926.5599737,142,0,-3
1598774926.6242983,137,0,-3
1598774926.6879618,135,0,-3
1598774926.7520063,154,0,-3
1598774926.815936,159,0,-3
1598774926.8799121,164,0,-3
1598774926.9439218,160,0,-3
1598774927.0079315,164,0,-3
1598774927.0719893,163,0,-3
1598774927.135897,171,0,-3
1598774927.199865,177,0,-3
1598774927.2638707,171,0,-3
1598774927.327867,123,0,-3
1598774927.3919501,101,0,-3
1598774927.4558425,127,0,-3
1598774927.519828,146,0,-3
1598774927.583827,150,0,-3
1598774927.6478064,146,0,-3
1598774927.7118554,142,0,-3
1598774927.775794,148,0,-3
1598774927.839758,145,0,-3
1598774927.9041202,146,0,-3
1598774927.9677498,106,0,-3
1598774928.0318644,116,0,-3
1598774928.0957897,125,0,-3
1598774928.159784,146,0,-3
1598774928.2237813,154,0,-3
1598774928.287724,160,0,-3
1598774928.3517785,160,0,-3
1598774928.4157004,163,0,-3
1598774928.4796712,170,0,-3
1598774928.5436542,175,0,-3
1598774928.6076267,180,0,-3
1598774928.671678,187,0,-3
1598774928.7356422,205,0,-3
1598774928.7996078,237,0,-3
1598774928.863598,271,0,-3
1598774928.9275665,263,0,-3
1598774928.9916105,278,0,-3
1598774929.0555634,278,0,-3
1598774929.1195543,281,0,-3
1598774929.1835425,274,0,-3
1598774929.247516,274,0,-3
1598774929.3115537,256,0,-3
1598774929.37559,224,0,-3
1598774929.439514,195,0,-3
1598774929.503854,190,0,-3
1598774929.567479,189,0,-3
1598774929.6315274,194,0,-3
1598774929.6954682,187,0,-3
1598774929.7594728,184,0,-3
1598774929.8234677,181,0,-3
1598774929.8874273,184,0,-3
1598774929.9514232,192,0,-3
1598774930.0154135,209,0,-3
1598774930.0793967,215,0,-3
1598774930.1435564,229,0,-3
1598774930.2074113,229,0,-3
1598774930.2713668,275,0,-3
1598774930.3353386,296,0,-3
1598774930.3993404,312,0,-3
1598774930.4633293,291,0,-3
1598774930.5273082,290,0,-3
1598774930.5913484,292,0,-3
1598774930.6552947,290,0,-3
1598774930.719267,287,0,-3
1598774930.7832878,289,0,-3
1598774930.847274,290,0,-3
1598774930.9112499,287,0,-3
1598774930.975249,287,0,-3
1598774931.0392284,288,0,-3
1598774931.1037064,287,0,-3
1598774931.1671972,286,0,-3
1598774931.2311947,287,0,-3
1598774931.2952056,287,0,-3
1598774931.3592048,286,0,-3
1598774931.4232082,286,0,-3
1598774931.4872344,286,0,-3
1598774931.5511265,285,0,-3
1598774931.6151476,285,0,-3
1598774931.6791155,285,0,-3
1598774931.74313,286,0,-3
1598774931.8071146,285,0,-3
1598774931.87108,285,0,-3
1598774931.9350758,286,0,-3
1598774931.9990606,285,0,-3
1598774932.0630605,285,0,-3
1598774932.1270456,285,0,-3
1598774932.191035,284,0,-3
1598774932.255028,284,0,-3
1598774932.3190234,284,0,-3
1598774932.3830087,284,0,-3
1598774932.4469826,284,0,-3
1598774932.5109775,284,0,-3
1598774932.5750194,284,0,-3
1598774932.638944,283,0,-3
1598774932.703103,284,0,-3
1598774932.7669399,284,0,-3
1598774932.8309238,283,0,-3
1598774932.8949125,283,0,-3
1598774932.9589179,283,0,-3
1598774933.022897,283,0,-3
1598774933.0868876,283,0,-3
1598774933.1508818,283,0,-3
1598774933.2148685,283,0,-3
1598774933.2788444,283,0,-3
1598774933.3428643,282,0,-3
1598774933.4068704,283,0,-3
1598774933.4708214,282,0,-3
1598774933.5348277,282,0,-3
1598774933.598779,282,0,-3
1598774933.6627924,282,0,-3
1598774933.7267725,282,0,-3
1598774933.790769,282,0,-3
1598774933.854778,282,0,-3
1598774933.9187524,282,0,-3
1598774933.9831772,282,0,-3
1598774934.0467286,282,0,-3
1598774934.1107094,282,0,-3
1598774934.1746979,282,0,-3
1598774934.2386954,282,0,-3
1598774934.3028424,282,0,-3
1598774934.3666775,282,0,-3
1598774934.430677,282,0,-3
1598774934.4946651,282,0,-3
1598774934.5586555,281,0,-3
1598774934.6227229,281,0,-3
1598774934.6866598,281,0,-3
1598774934.750604,281,0,-3
1598774934.8148017,281,0,-3
1598774934.878606,281,0,-3
1598774934.942622,282,0,-3
1598774935.00657,281,0,-3
1598774935.070553,281,0,-3
1598774935.1346838,281,0,-3
1598774935.1986115,281,0,-3
1598774935.2625623,281,0,-3
1598774935.3265193,281,0,-3
1598774935.3905747,281,0,-3
1598774935.4545157,281,0,-3
1598774935.5184836,281,0,-3
1598774935.5824947,281,0,-3
1598774935.6465063,281,0,-3
1598774935.7104738,281,0,-3
1598774935.774475,281,0,-3
1598774935.838465,281,0,-3
1598774935.9024389,281,0,-3
1598774935.9665177,280,0,-3
1598774936.0304217,281,0,-3
1598774936.094401,281,0,-3
1598774936.158375,280,0,-3
1598774936.2223806,281,0,-3
1598774936.2863576,280,0,-3
1598774936.35035,280,0,-3
1598774936.4146154,281,0,-3
1598774936.4783235,280,0,-3
1598774936.5423183,280,0,-3
1598774936.6062994,281,0,-3
1598774936.6702855,281,0,-3
1598774936.7342985,280,0,-3
1598774936.798254,280,0,-3
1598774936.862249,280,0,-3
1598774936.9262557,280,0,-3
1598774936.990223,280,0,-3
1598774937.0542214,280,0,-3
1598774937.118201,280,0,-3
1598774937.1822286,280,0,-3
1598774937.2461994,280,0,-3
1598774937.3101878,280,0,-3
1598774937.374183,280,0,-3
1598774937.4381547,280,0,-3
1598774937.5022366,280,0,-3
1598774937.566161,280,0,-3
1598774937.6301353,280,0,-3
1598774937.6941257,280,0,-3
1598774937.758102,280,0,-3
1598774937.822152,280,0,-3
1598774937.886102,280,0,-3
1598774937.9501202,280,0,-3
1598774938.0142627,280,0,-3
1598774938.0780575,280,0,-3
1598774938.1421416,280,0,-3
1598774938.2060354,280,0,-3
1598774938.270028,280,0,-3
1598774938.3340251,280,0,-3
1598774938.3980184,279,0,-3
1598774938.4620476,280,0,-3
1598774938.5259948,280,0,-3
1598774938.5899694,280,0,-3
1598774938.6539736,280,0,-3
1598774938.7179468,280,0,-3
1598774938.7820263,280,0,-3
1598774938.845936,280,0,-3
1598774938.909891,280,0,-3
1598774938.9739225,280,0,-3
1598774939.0378964,280,0,-3
1598774939.1019604,280,0,-3
1598774939.165886,280,0,-3
1598774939.2298763,280,0,-3
1598774939.2940512,280,0,-3
1598774939.3578386,279,0,-3
1598774939.4219167,279,0,-3
1598774939.4858284,279,0,-3
1598774939.5498166,279,0,-3
1598774939.613966,279,0,-3
1598774939.6777918,280,0,-3
1598774939.7418566,279,0,-3
1598774939.8057585,279,0,-3
1598774939.8697793,279,0,-3
1598774939.9337716,279,0,-3
1598774939.9977593,279,0,-3
1598774940.061855,279,0,-3
1598774940.1257348,279,0,-3
1598774940.1897004,279,0,-3
1598774940.2536907,279,0,-3
1598774940.3177116,279,0,-3
1598774940.3817606,279,0,-3
1598774940.4456768,279,0,-3
1598774940.5096774,279,0,-3
1598774940.5736628,279,0,-3
1598774940.6376476,279,0,-3
1598774940.7017202,279,0,-3
1598774940.7656069,279,0,-3
1598774940.829628,279,0,-3
1598774940.8938415,279,0,-3
1598774940.957578,279,0,-3
1598774941.021737,279,0,-3
1598774941.0856092,279,0,-3
1598774941.149602,279,0,-3
1598774941.2136102,279,0,-3
1598774941.2776039,279,0,-3
1598774941.341535,279,0,-3
1598774941.4055493,279,0,-3
1598774941.4695342,279,0,-3
1598774941.533559,279,0,-3
1598774941.5975108,279,0,-3
1598774941.6615481,279,0,-3
1598774941.7254658,279,0,-3
1598774941.7895076,279,0,-3
1598774941.8534744,279,0,-3
1598774941.9174411,279,0,-3
1598774941.981439,279,0,-3
1598774942.045429,279,0,-3
1598774942.1093922,279,0,-3
1598774942.1734087,279,0,-3
1598774942.2373667,279,0,-3
1598774942.30138,279,0,-3
1598774942.3653753,279,0,-3
1598774942.429342,279,0,-3
1598774942.4934964,279,0,-3
1598774942.5573285,279,0,-3
1598774942.6213064,279,0,-3
1598774942.6853085,279,0,-3
1598774942.7492886,279,0,-3
1598774942.8132987,279,0,-3
1598774942.8772798,279,0,-3
1598774942.9412718,279,0,-3
1598774943.0052419,279,0,-3
1598774943.0692537,279,0,-3
1598774943.1332293,279,0,-3
1598774943.1972058,279,0,-3
1598774943.261214,279,0,-3
1598774943.325216,279,0,-3
1598774943.38917,279,0,-3
1598774943.4536211,279,0,-3
1598774943.517168,279,0,-3
1598774943.5811946,279,0,-3
1598774943.6451657,279,0,-3
1598774943.7091236,279,0,-3
1598774943.7732403,279,0,-3
1598774943.8371444,279,0,-3
1598774943.9011018,279,0,-3
1598774943.9650962,279,0,-3
1598774944.0290778,279,0,-3
1598774944.093227,279,0,-3
1598774944.1570563,279,0,-3
1598774944.2210524,279,0,-3
1598774944.2850592,279,0,-3
1598774944.3490288,279,0,-3
1598774944.413034,279,0,-3
1598774944.4770465,279,0,-3
1598774944.5410497,279,0,-3
1598774944.6049876,279,0,-3
1598774944.6689818,279,0,-3
1598774944.7329912,279,0,-3
1598774944.7969596,279,0,-3
1598774944.8609552,279,0,-3
1598774944.9249322,279,0,-3
1598774944.9889116,279,0,-3
1598774945.0533578,278,0,-3
1598774945.1169198,279,0,-3
1598774945.180921,279,0,-3
1598774945.24488,279,0,-3
1598774945.3088725,279,0,-3
1598774945.3728666,279,0,-3
1598774945.4368453,279,0,-3
1598774945.500824,279,0,-3
1598774945.5648494,279,0,-3
1598774945.6288261,279,0,-3
1598774945.6928284,279,0,-3
1598774945.7567978,279,0,-3
1598774945.8208213,279,0,-3
1598774945.8849888,279,0,-3
1598774945.9487588,279,0,-3
1598774946.012766,279,0,-3
1598774946.0767384,279,0,-3
1598774946.140735,279,0,-3
1598774946.204733,279,0,-3
1598774946.2687097,279,0,-3
1598774946.3326957,279,0,-3
1598774946.3966923,279,0,-3
1598774946.4606934,279,0,-3
1598774946.5246766,278,0,-3
1598774946.5886424,279,0,-3
1598774946.653145,279,0,-3
1598774946.7166464,279,0,-3
1598774946.7807071,279,0,-3
1598774946.844681,279,0,-3
1598774946.908641,279,0,-3
1598774946.9726374,279,0,-3
1598774947.0366147,279,0,-3
1598774947.1005936,279,0,-3
1598774947.164602,279,0,-3
1598774947.2285893,279,0,-3
1598774947.2925775,279,0,-3
1598774947.356566,279,0,-3
1598774947.4205303,279,0,-3
1598774947.4847765,279,0,-3
1598774947.5485685,279,0,-3
1598774947.613796,279,0,-3
1598774947.676497,279,0,-3
1598774947.7405012,279,0,-3
1598774947.8045194,279,0,-3
1598774947.8684464,279,0,-3
1598774947.9324574,279,0,-3
1598774947.9964201,279,0,-3
1598774948.0604215,279,0,-3
1598774948.1244104,279,0,-3
1598774948.18841,279,0,-3
1598774948.2523785,279,0,-3
1598774948.3163574,279,0,-3
1598774948.3803406,279,0,-3
1598774948.444339,279,0,-3
1598774948.5083318,279,0,-3
1598774948.5723348,279,0,-3
1598774948.6363084,279,0,-3
1598774948.700305,279,0,-3
1598774948.764373,279,0,-3
1598774948.8282664,279,0,-3
1598774948.8922904,279,0,-3
1598774948.956266,280,0,-3
1598774949.02023,279,0,-3
1598774949.0843875,279,0,-3
1598774949.1482108,280,0,-3
1598774949.2122214,279,0,-3
1598774949.2761996,279,0,-3
1598774949.3401976,279,0,-3
1598774949.404197,279,0,-3
1598774949.4681656,279,0,-3
1598774949.5322337,279,0,-3
1598774949.5961545,279,0,-3
1598774949.6601326,279,0,-3
1598774949.7241523,279,0,-3
1598774949.7881193,279,0,-3
1598774949.8522139,279,0,-3
1598774949.91609,279,0,-3
1598774949.980095,279,0,-3
1598774950.0445645,279,0,-3
1598774950.1080668,279,0,-3
1598774950.1721528,279,0,-3
1598774950.236093,279,0,-3
1598774950.300071,279,0,-3
1598774950.3640938,279,0,-3
1598774950.4280138,279,0,-3
1598774950.4920604,279,0,-3
1598774950.555997,279,0,-3
1598774950.6199803,279,0,-3
1598774950.6841342,279,0,-3
1598774950.7479737,279,0,-3
1598774950.8120365,279,0,-3
1598774950.8759325,279,0,-3
1598774950.9399529,279,0,-3
1598774951.0039525,279,0,-3
1598774951.0679693,279,0,-3
1598774951.1320348,280,0,-3
1598774951.1958914,279,0,-3
1598774951.2598689,279,0,-3
1598774951.3238695,279,0,-3
1598774951.387858,279,0,-3
1598774951.4519,279,0,-3
1598774951.515827,279,0,-3
1598774951.5798259,279,0,-3
1598774951.6443405,279,0,-3
1598774951.7077968,279,0,-3
1598774951.7718856,279,0,-3
1598774951.835797,279,0,-3
1598774951.8997712,279,0,-3
1598774951.963883,279,0,-3
1598774952.027747,279,0,-3
1598774952.0918002,279,0,-3
1598774952.155733,279,0,-3
1598774952.2197168,279,0,-3
1598774952.283735,279,0,-3
1598774952.3476899,280,0,-3
1598774952.4117334,280,0,-3
1598774952.4756746,279,0,-3
1598774952.5396621,280,0,-3
1598774952.603774,280,0,-3
1598774952.6676857,279,0,-3
1598774952.7317164,279,0,-3
1598774952.7956514,279,0,-3
1598774952.859635,279,0,-3
1598774952.923663,279,0,-3
1598774952.9876344,280,0,-3
1598774953.051723,279,0,-3
1598774953.1155975,279,0,-3
1598774953.1796012,279,0,-3
1598774953.2440212,280,0,-3
1598774953.3075619,279,0,-3
1598774953.371737,280,0,-3
1598774953.4355717,279,0,-3
1598774953.499525,279,0,-3
1598774953.563645,280,0,-3
1598774953.6275005,279,0,-3
1598774953.6915166,279,0,-3
1598774953.755476,279,0,-3
1598774953.8194518,279,0,-3
1598774953.8834662,279,0,-3
1598774953.9474468,279,0,-3
1598774954.011439,279,0,-3
1598774954.0754185,279,0,-3
1598774954.1394126,280,0,-3
1598774954.2034135,279,0,-3
1598774954.2674186,279,0,-3
1598774954.331418,280,0,-3
1598774954.395447,280,0,-3
1598774954.4593468,279,0,-3
1598774954.523811,280,0,-3
1598774954.5873737,280,0,-3
1598774954.6513352,279,0,-3
1598774954.715315,280,0,-3
1598774954.7792914,280,0,-3
1598774954.8434777,279,0,-3
1598774954.9073102,279,0,-3
1598774954.9712727,280,0,-3
1598774955.0352776,280,0,-3
1598774955.099251,279,0,-3
1598774955.163398,279,0,-3
1598774955.227241,280,0,-3
1598774955.291252,279,0,-3
1598774955.3552446,279,0,-3
1598774955.4192002,280,0,-3
1598774955.4832234,279,0,-3
1598774955.5471835,279,0,-3
1598774955.6111774,280,0,-3
1598774955.6751704,279,0,-3
1598774955.7391422,279,0,-3
1598774955.8032925,280,0,-3
1598774955.867139,279,0,-3
1598774955.9310975,279,0,-3
1598774955.9951322,280,0,-3
1598774956.059107,280,0,-3
1598774956.1230981,279,0,-3
1598774956.1870773,279,0,-3
1598774956.2510817,280,0,-3
1598774956.3150775,279,0,-3
1598774956.3790343,279,0,-3
1598774956.4432032,280,0,-3
1598774956.5070388,279,0,-3
1598774956.5710044,279,0,-3
1598774956.6350207,280,0,-3
1598774956.6990225,279,0,-3
1598774956.7631352,279,0,-3
1598774956.8269663,280,0,-3
1598774956.8909578,279,0,-3
1598774956.9549556,279,0,-3
1598774957.018929,280,0,-3
1598774957.0829291,279,0,-3
1598774957.1469164,279,0,-3
1598774957.2109005,279,0,-3
1598774957.2748973,280,0,-3
1598774957.3388743,280,0,-3
1598774957.4029033,279,0,-3
1598774957.4668527,281,0,-3
1598774957.5308754,279,0,-3
1598774957.594879,279,0,-3
1598774957.6588743,280,0,-3
1598774957.7233818,280,0,-3
1598774957.7868094,279,0,-3
1598774957.8507833,280,0,-3
1598774957.914808,280,0,-3
1598774957.978771,279,0,-3
1598774958.0427728,279,0,-3
1598774958.1067464,280,0,-3
1598774958.170748,280,0,-3
1598774958.234733,279,0,-3
1598774958.2987347,280,0,-3
1598774958.3627272,280,0,-3
1598774958.4267693,279,0,-3
1598774958.490724,279,0,-3
1598774958.554713,280,0,-3
1598774958.6186907,279,0,-3
1598774958.6826987,280,0,-3
1598774958.74666,280,0,-3
1598774958.8106837,280,0,-3
1598774958.874761,279,0,-3
1598774958.9386413,280,0,-3
1598774959.0026572,281,0,-3
1598774959.0666196,279,0,-3
1598774959.1305997,280,0,-3
1598774959.194642,281,0,-3
1598774959.2585812,279,0,-3
1598774959.3225625,279,0,-3
1598774959.386562,280,0,-3
1598774959.4505436,279,0,-3
1598774959.5145104,279,0,-3
1598774959.5785224,279,0,-3
1598774959.6425288,280,0,-3
1598774959.7064779,280,0,-3
1598774959.7704644,279,0,-3
1598774959.8346813,280,0,-3
1598775029.293989,23,0,-3
1598775029.3587282,23,0,-3
1598775029.4226878,23,0,-3
1598775029.4866042,23,0,-3
1598775029.5505993,23,0,-3
1598775029.61458,23,0,-3
1598775029.6785614,23,0,-3
1598775029.742541,23,0,-3
1598775029.8065562,23,0,-3
1598775029.8709562,23,0,-3
1598775029.9349825,23,0,-3
1598775029.998887,23,0,-3
1598775030.062908,23,0,-3
1598775030.1268811,23,0,-3
1598775030.190882,23,0,-3
1598775030.2548742,23,0,-3
1598775030.3188493,23,0,-3
1598775030.3828301,23,0,-3
1598775030.4468648,23,0,-3
1598775030.5108047,23,0,-3
1598775030.5748088,23,0,-3
1598775030.638796,23,0,-3
1598775030.7027912,23,0,-3
1598775030.7667558,23,0,-3
1598775030.830766,23,0,-3
1598775030.8947475,23,0,-3
1598775030.9587393,23,0,-3
1598775031.0227437,23,0,-3
1598775031.0867374,23,0,-3
1598775031.1507032,23,0,-3
1598775031.2146947,23,0,-3
1598775031.2786863,23,0,-3
1598775031.3426826,23,0,-3
1598775031.4066741,23,0,-3
1598775031.4706664,23,0,-3
1598775031.5347757,23,0,-3
1598775031.59864,23,0,-3
1598775031.6626046,23,0,-3
1598775031.7266064,23,0,-3
1598775031.7905958,23,0,-3
1598775031.8546116,23,0,-3
1598775031.9185634,23,0,-3
1598775031.9825897,23,0,-3
1598775032.0465484,23,0,-3
1598775032.1105454,23,0,-3
1598775032.174554,23,0,-3
1598775032.2385228,23,0,-3
1598775032.3025239,23,0,-3
1598775032.3665154,23,0,-3
1598775032.4305103,23,0,-3
1598775032.4944847,23,0,-3
1598775032.5584648,23,0,-3
1598775032.6224654,23,0,-3
1598775032.6864655,23,0,-3
1598775032.7504268,23,0,-3
1598775032.8144326,23,0,-3
1598775032.878413,23,0,-3
1598775032.9424078,23,2,-3
1598775033.006448,23,2,-3
1598775033.0703604,23,2,-3
1598775033.1344953,23,2,-3
1598775033.1983833,23,2,-3
1598775033.2623026,23,2,-3
1598775033.326293,23,2,-3
1598775033.390271,23,2,-3
1598775033.4542966,23,2,-3
1598775033.5480902,23,2,-3
1598775033.6517334,23,2,-3
1598775033.761433,23,2,-3
1598775033.8736076,23,2,-3
1598775033.9694676,23,2,-3
1598775034.0706198,23,2,-3
1598775034.172483,23,2,-3
1598775034.2734892,34,2,-3
1598775034.3848903,44,2,-3
1598775034.4813912,163,2,-3
1598775034.587116,214,2,-3
1598775034.688852,250,2,-3
1598775034.7853954,283,2,-3
1598775034.8812952,316,2,-3
1598775034.9772937,335,2,-3
1598775035.0783443,339,2,-3
1598775035.1801786,374,2,-3
1598775035.297292,401,2,-3
1598775035.3983183,415,2,-3
1598775035.498701,434,2,-3
1598775035.5960763,481,2,-3
1598775035.6971316,539,2,-3
1598775035.8028445,619,2,-3
1598775035.90002,691,2,-3
1598775035.996044,723,2,-3
1598775036.0925436,723,2,-3
1598775036.1880245,719,2,-3
1598775036.29916,714,2,-3
1598775036.40108,711,2,-3
1598775036.4970756,706,2,-3
1598775036.5778263,701,2,-3
1598775036.6890116,697,2,-3
1598775036.7908096,693,2,-3
1598775036.9034832,690,2,-3
1598775037.0089211,687,2,-3
1598775037.1107805,684,2,-3
1598775037.2118483,680,2,-3
1598775037.3078434,679,2,-3
1598775037.4189737,676,2,-3
1598775037.5208519,671,2,-3
1598775037.6277921,643,2,-3
1598775037.7389104,641,2,-3
1598775037.8509662,639,2,-3
1598775037.952826,639,2,-3
1598775038.0336149,639,2,-3
1598775038.160701,637,2,-3
1598775038.2516513,638,2,-3
1598775038.3788445,636,2,-3
1598775038.499322,634,2,-3
1598775038.6347497,634,2,-3
1598775038.7436764,631,2,-3
1598775038.8499146,629,2,-3
1598775038.9765553,626,2,-3
1598775039.0936728,624,2,-3
1598775039.1954794,623,2,-3
1598775039.2813468,621,2,-3
1598775039.3735578,620,2,-3
1598775039.4885528,618,2,-3
1598775039.59106,610,2,-3
1598775039.706683,596,2,-3
1598775039.8085978,596,2,-3
1598775039.9096208,597,2,-3
1598775040.016475,600,2,-3
1598775040.1175966,593,2,-3
1598775040.2211294,594,2,-3
1598775040.3204153,590,2,-3
1598775040.421518,585,2,-3
1598775040.5392764,582,2,-3
1598775040.63529,582,2,-3
1598775040.7498105,581,2,-3
1598775040.838222,581,2,-3
1598775040.9392545,578,2,-3
1598775041.0402255,578,2,-3
1598775041.136224,581,2,-3
1598775041.253285,578,2,-3
1598775041.3686602,578,2,-3
1598775041.4620376,578,2,-3
1598775041.5631099,580,2,-3
1598775041.6692045,579,2,-3
1598775041.783822,581,2,-3
1598775041.8932798,579,2,-3
1598775041.9950476,578,2,-3
1598775042.0859447,576,2,-3
1598775042.1971552,577,2,-3
1598775042.3251474,576,2,-3
1598775042.4422126,576,2,-3
1598775042.5440478,576,2,-3
1598775042.6450431,576,2,-3
1598775042.7586508,576,2,-3
1598775042.8639748,576,2,-3
1598775042.959961,575,2,-3
1598775043.0608408,576,2,-3
1598775043.1720002,573,2,-3
1598775043.2659354,572,2,-3
1598775043.3860044,577,2,-3
1598775043.499758,574,2,-3
1598775043.5957084,574,2,-3
1598775043.6993022,571,2,-3
1598775043.812904,571,2,-3
1598775043.9408088,566,2,-3
1598775044.057915,570,2,-3
1598775044.175726,567,2,-3
1598775044.2768927,567,2,-3
1598775044.3786185,567,2,-3
1598775044.4973326,568,2,-3
1598775044.6077456,565,2,-3
1598775044.6986263,568,2,-3
1598775044.8098218,566,2,-3
1598775044.9167402,566,2,-3
1598775045.0235832,568,2,-3
1598775045.1306152,565,2,-3
1598775045.221439,566,2,-3
1598775045.3174012,564,2,-3
1598775045.4236145,552,2,-3
1598775045.5249739,549,2,-3
1598775045.6316462,549,2,-3
1598775045.7384331,550,2,-3
1598775045.834576,551,2,-3
1598775045.9253657,553,2,-3
1598775046.0298448,551,2,-3
1598775046.1275454,551,2,-3
1598775046.2229874,552,2,-3
1598775046.3184597,549,2,-3
1598775046.4313676,553,2,-3
1598775046.5374908,551,2,-3
1598775046.6393514,552,2,-3
1598775046.740454,552,2,-3
1598775046.8422368,553,2,-3
1598775046.9382386,553,2,-3
1598775047.039246,554,2,-3
1598775047.1613796,554,2,-3
1598775047.2682996,556,2,-3
1598775047.3802779,549,2,-3
1598775047.4807513,543,2,-3
1598775047.5781326,555,2,-3
1598775047.6740983,524,2,-3
1598775047.7802262,473,2,-3
1598775047.90314,327,2,-3
1598775047.9990919,247,2,-3
1598775048.1053946,209,2,-3
1598775048.202024,151,2,-3
1598775048.3030837,92,2,-3
1598775048.3933558,72,2,-3
1598775048.4899569,97,2,-3
1598775048.5960515,92,2,-3
1598775048.7118,54,2,-3
1598775048.8099504,37,2,-3
1598775048.9008114,48,2,-3
1598775049.0115983,24,2,-3
1598775049.113267,23,2,-3
1598775049.2098536,23,2,-3
1598775049.3057804,22,2,-3
1598775049.4069557,23,2,-3
1598775049.4978242,23,2,-3
1598775049.593863,24,2,-3
1598775049.6999016,23,2,-3
1598775049.824218,23,2,-3
1598775049.9406564,23,2,-3
1598775050.057672,23,0,-3
1598775050.1391947,23,0,-3
1598775050.2031293,23,0,-3
1598775050.267128,23,0,-3
1598775050.3311126,23,0,-3
1598775050.3951025,23,0,-3
1598775050.4590852,23,0,-3
1598775050.5230787,23,0,-3
1598775050.5874503,24,0,-3
1598775050.6514618,24,0,-3
1598775050.715427,24,0,-3
1598775050.7794094,24,0,-3
1598775050.8434227,24,0,-3
1598775050.9074602,24,0,-3
1598775050.9713652,24,0,-3
1598775051.0353818,24,0,-3
1598775051.0993474,24,0,-3
1598775051.1633964,23,0,-3
1598775051.2274184,23,0,-3
1598775051.2913797,23,0,-3
1598775051.3553495,23,0,-3
1598775051.4193451,23,0,-3
1598775051.4833126,23,0,-3
1598775051.5473301,23,0,-3
1598775051.6274214,23,0,-3
1598775051.691308,23,0,-3
1598775051.7552626,23,0,-3
1598775051.8192666,23,0,-3
1598775051.8832514,23,0,-3
1598775051.947251,23,0,-3
1598775052.0113733,23,0,-3
1598775052.0912411,23,0,-3
1598775052.1551952,23,0,-3
1598775052.2191827,23,0,-3
1598775052.2832167,23,0,-3
1598775052.3472307,23,0,-3
1598775052.4111612,23,0,-3
1598775052.4751842,23,0,-3
1598775052.5391304,23,0,-3
1598775052.6031227,23,0,-3
1598775052.6670997,23,0,-3
1598775052.731081,23,0,-3
1598775052.7950962,23,0,-3
1598775052.859103,24,0,-3
1598775052.9231215,24,0,-3
1598775052.987028,24,0,-3
1598775053.0510223,24,0,-3
1598775053.1150103,24,0,-3
1598775053.1789982,23,0,-3
1598775053.242989,23,0,-3
1598775053.306975,24,0,-3
1598775053.370968,24,0,-3
1598775053.4349604,24,0,-3
1598775053.4989407,23,0,-3
1598775053.5629623,24,0,-3
1598775053.6269908,24,0,-3
1598775053.690913,23,0,-3
1598775053.7549183,24,0,-3
1598775053.8188884,24,0,-3
1598775053.8828893,24,0,-3
1598775053.9468858,24,0,-3
1598775054.0112693,24,0,-3
1598775054.0749743,24,0,-3
1598775054.1389108,23,0,-3
1598775054.202878,24,0,-3
1598775054.2668397,23,0,-3
1598775054.330809,24,0,-3
1598775054.3948886,24,0,-3
1598775054.458804,24,0,-3
1598775054.5227861,24,0,-3
